blockNumber,timeStamp,hash,nonce,blockHash,from,contractAddress,to,tokenID,tokenName,tokenSymbol,tokenDecimal,transactionIndex,gas,gasPrice,gasUsed,cumulativeGasUsed,input,confirmations
13445178,1634605931,0x26db8c4f1726f958950a5019f4029aca1cb576400b0e99588ebce769c473e667,13,0xd969d8f198d562c910870ec3006f5c8bd36a15e65b4dd582af4940534a1b7d87,0x0000000000000000000000000000000000000000,0x47f9dbb7b9a5157031f9ed10d00532a2b7de1c77,0xf358e6b648579bc43042b3cc7661dd5309eb06b3,163,Tiles Blocks,TILB,0,252,10628866,61999602139,7085911,24393965,deprecated,173489
13445178,1634605931,0x26db8c4f1726f958950a5019f4029aca1cb576400b0e99588ebce769c473e667,13,0xd969d8f198d562c910870ec3006f5c8bd36a15e65b4dd582af4940534a1b7d87,0x0000000000000000000000000000000000000000,0x47f9dbb7b9a5157031f9ed10d00532a2b7de1c77,0xf358e6b648579bc43042b3cc7661dd5309eb06b3,164,Tiles Blocks,TILB,0,252,10628866,61999602139,7085911,24393965,deprecated,173489
13445178,1634605931,0x26db8c4f1726f958950a5019f4029aca1cb576400b0e99588ebce769c473e667,13,0xd969d8f198d562c910870ec3006f5c8bd36a15e65b4dd582af4940534a1b7d87,0x0000000000000000000000000000000000000000,0x47f9dbb7b9a5157031f9ed10d00532a2b7de1c77,0xf358e6b648579bc43042b3cc7661dd5309eb06b3,165,Tiles Blocks,TILB,0,252,10628866,61999602139,7085911,24393965,deprecated,173489
13445178,1634605931,0x26db8c4f1726f958950a5019f4029aca1cb576400b0e99588ebce769c473e667,13,0xd969d8f198d562c910870ec3006f5c8bd36a15e65b4dd582af4940534a1b7d87,0x0000000000000000000000000000000000000000,0x47f9dbb7b9a5157031f9ed10d00532a2b7de1c77,0xf358e6b648579bc43042b3cc7661dd5309eb06b3,166,Tiles Blocks,TILB,0,252,10628866,61999602139,7085911,24393965,deprecated,173489
13445178,1634605931,0x26db8c4f1726f958950a5019f4029aca1cb576400b0e99588ebce769c473e667,13,0xd969d8f198d562c910870ec3006f5c8bd36a15e65b4dd582af4940534a1b7d87,0x0000000000000000000000000000000000000000,0x47f9dbb7b9a5157031f9ed10d00532a2b7de1c77,0xf358e6b648579bc43042b3cc7661dd5309eb06b3,167,Tiles Blocks,TILB,0,252,10628866,61999602139,7085911,24393965,deprecated,173489
13445178,1634605931,0x26db8c4f1726f958950a5019f4029aca1cb576400b0e99588ebce769c473e667,13,0xd969d8f198d562c910870ec3006f5c8bd36a15e65b4dd582af4940534a1b7d87,0x0000000000000000000000000000000000000000,0x47f9dbb7b9a5157031f9ed10d00532a2b7de1c77,0xf358e6b648579bc43042b3cc7661dd5309eb06b3,168,Tiles Blocks,TILB,0,252,10628866,61999602139,7085911,24393965,deprecated,173489
13445178,1634605931,0x26db8c4f1726f958950a5019f4029aca1cb576400b0e99588ebce769c473e667,13,0xd969d8f198d562c910870ec3006f5c8bd36a15e65b4dd582af4940534a1b7d87,0x0000000000000000000000000000000000000000,0x47f9dbb7b9a5157031f9ed10d00532a2b7de1c77,0xf358e6b648579bc43042b3cc7661dd5309eb06b3,169,Tiles Blocks,TILB,0,252,10628866,61999602139,7085911,24393965,deprecated,173489
13445178,1634605931,0x26db8c4f1726f958950a5019f4029aca1cb576400b0e99588ebce769c473e667,13,0xd969d8f198d562c910870ec3006f5c8bd36a15e65b4dd582af4940534a1b7d87,0x0000000000000000000000000000000000000000,0x47f9dbb7b9a5157031f9ed10d00532a2b7de1c77,0xf358e6b648579bc43042b3cc7661dd5309eb06b3,170,Tiles Blocks,TILB,0,252,10628866,61999602139,7085911,24393965,deprecated,173489
13445178,1634605931,0x26db8c4f1726f958950a5019f4029aca1cb576400b0e99588ebce769c473e667,13,0xd969d8f198d562c910870ec3006f5c8bd36a15e65b4dd582af4940534a1b7d87,0x0000000000000000000000000000000000000000,0x47f9dbb7b9a5157031f9ed10d00532a2b7de1c77,0xf358e6b648579bc43042b3cc7661dd5309eb06b3,171,Tiles Blocks,TILB,0,252,10628866,61999602139,7085911,24393965,deprecated,173489
13445178,1634605931,0x26db8c4f1726f958950a5019f4029aca1cb576400b0e99588ebce769c473e667,13,0xd969d8f198d562c910870ec3006f5c8bd36a15e65b4dd582af4940534a1b7d87,0x0000000000000000000000000000000000000000,0x47f9dbb7b9a5157031f9ed10d00532a2b7de1c77,0xf358e6b648579bc43042b3cc7661dd5309eb06b3,172,Tiles Blocks,TILB,0,252,10628866,61999602139,7085911,24393965,deprecated,173489
13445178,1634605931,0x26db8c4f1726f958950a5019f4029aca1cb576400b0e99588ebce769c473e667,13,0xd969d8f198d562c910870ec3006f5c8bd36a15e65b4dd582af4940534a1b7d87,0x0000000000000000000000000000000000000000,0x47f9dbb7b9a5157031f9ed10d00532a2b7de1c77,0xf358e6b648579bc43042b3cc7661dd5309eb06b3,173,Tiles Blocks,TILB,0,252,10628866,61999602139,7085911,24393965,deprecated,173489
13445178,1634605931,0x26db8c4f1726f958950a5019f4029aca1cb576400b0e99588ebce769c473e667,13,0xd969d8f198d562c910870ec3006f5c8bd36a15e65b4dd582af4940534a1b7d87,0x0000000000000000000000000000000000000000,0x47f9dbb7b9a5157031f9ed10d00532a2b7de1c77,0xf358e6b648579bc43042b3cc7661dd5309eb06b3,174,Tiles Blocks,TILB,0,252,10628866,61999602139,7085911,24393965,deprecated,173489
13445178,1634605931,0x26db8c4f1726f958950a5019f4029aca1cb576400b0e99588ebce769c473e667,13,0xd969d8f198d562c910870ec3006f5c8bd36a15e65b4dd582af4940534a1b7d87,0x0000000000000000000000000000000000000000,0x47f9dbb7b9a5157031f9ed10d00532a2b7de1c77,0xf358e6b648579bc43042b3cc7661dd5309eb06b3,175,Tiles Blocks,TILB,0,252,10628866,61999602139,7085911,24393965,deprecated,173489
13445178,1634605931,0x26db8c4f1726f958950a5019f4029aca1cb576400b0e99588ebce769c473e667,13,0xd969d8f198d562c910870ec3006f5c8bd36a15e65b4dd582af4940534a1b7d87,0x0000000000000000000000000000000000000000,0x47f9dbb7b9a5157031f9ed10d00532a2b7de1c77,0xf358e6b648579bc43042b3cc7661dd5309eb06b3,176,Tiles Blocks,TILB,0,252,10628866,61999602139,7085911,24393965,deprecated,173489
13445178,1634605931,0x26db8c4f1726f958950a5019f4029aca1cb576400b0e99588ebce769c473e667,13,0xd969d8f198d562c910870ec3006f5c8bd36a15e65b4dd582af4940534a1b7d87,0x0000000000000000000000000000000000000000,0x47f9dbb7b9a5157031f9ed10d00532a2b7de1c77,0xf358e6b648579bc43042b3cc7661dd5309eb06b3,177,Tiles Blocks,TILB,0,252,10628866,61999602139,7085911,24393965,deprecated,173489
13445178,1634605931,0x26db8c4f1726f958950a5019f4029aca1cb576400b0e99588ebce769c473e667,13,0xd969d8f198d562c910870ec3006f5c8bd36a15e65b4dd582af4940534a1b7d87,0x0000000000000000000000000000000000000000,0x47f9dbb7b9a5157031f9ed10d00532a2b7de1c77,0xf358e6b648579bc43042b3cc7661dd5309eb06b3,178,Tiles Blocks,TILB,0,252,10628866,61999602139,7085911,24393965,deprecated,173489
13445178,1634605931,0x26db8c4f1726f958950a5019f4029aca1cb576400b0e99588ebce769c473e667,13,0xd969d8f198d562c910870ec3006f5c8bd36a15e65b4dd582af4940534a1b7d87,0x0000000000000000000000000000000000000000,0x47f9dbb7b9a5157031f9ed10d00532a2b7de1c77,0xf358e6b648579bc43042b3cc7661dd5309eb06b3,179,Tiles Blocks,TILB,0,252,10628866,61999602139,7085911,24393965,deprecated,173489
13445178,1634605931,0x26db8c4f1726f958950a5019f4029aca1cb576400b0e99588ebce769c473e667,13,0xd969d8f198d562c910870ec3006f5c8bd36a15e65b4dd582af4940534a1b7d87,0x0000000000000000000000000000000000000000,0x47f9dbb7b9a5157031f9ed10d00532a2b7de1c77,0xf358e6b648579bc43042b3cc7661dd5309eb06b3,180,Tiles Blocks,TILB,0,252,10628866,61999602139,7085911,24393965,deprecated,173489
13445178,1634605931,0x26db8c4f1726f958950a5019f4029aca1cb576400b0e99588ebce769c473e667,13,0xd969d8f198d562c910870ec3006f5c8bd36a15e65b4dd582af4940534a1b7d87,0x0000000000000000000000000000000000000000,0x47f9dbb7b9a5157031f9ed10d00532a2b7de1c77,0xf358e6b648579bc43042b3cc7661dd5309eb06b3,181,Tiles Blocks,TILB,0,252,10628866,61999602139,7085911,24393965,deprecated,173489
13445178,1634605931,0x26db8c4f1726f958950a5019f4029aca1cb576400b0e99588ebce769c473e667,13,0xd969d8f198d562c910870ec3006f5c8bd36a15e65b4dd582af4940534a1b7d87,0x0000000000000000000000000000000000000000,0x47f9dbb7b9a5157031f9ed10d00532a2b7de1c77,0xf358e6b648579bc43042b3cc7661dd5309eb06b3,182,Tiles Blocks,TILB,0,252,10628866,61999602139,7085911,24393965,deprecated,173489
13445178,1634605931,0x26db8c4f1726f958950a5019f4029aca1cb576400b0e99588ebce769c473e667,13,0xd969d8f198d562c910870ec3006f5c8bd36a15e65b4dd582af4940534a1b7d87,0x0000000000000000000000000000000000000000,0x47f9dbb7b9a5157031f9ed10d00532a2b7de1c77,0xf358e6b648579bc43042b3cc7661dd5309eb06b3,183,Tiles Blocks,TILB,0,252,10628866,61999602139,7085911,24393965,deprecated,173489
13445178,1634605931,0x26db8c4f1726f958950a5019f4029aca1cb576400b0e99588ebce769c473e667,13,0xd969d8f198d562c910870ec3006f5c8bd36a15e65b4dd582af4940534a1b7d87,0x0000000000000000000000000000000000000000,0x47f9dbb7b9a5157031f9ed10d00532a2b7de1c77,0xf358e6b648579bc43042b3cc7661dd5309eb06b3,184,Tiles Blocks,TILB,0,252,10628866,61999602139,7085911,24393965,deprecated,173489
13445178,1634605931,0x26db8c4f1726f958950a5019f4029aca1cb576400b0e99588ebce769c473e667,13,0xd969d8f198d562c910870ec3006f5c8bd36a15e65b4dd582af4940534a1b7d87,0x0000000000000000000000000000000000000000,0x47f9dbb7b9a5157031f9ed10d00532a2b7de1c77,0xf358e6b648579bc43042b3cc7661dd5309eb06b3,185,Tiles Blocks,TILB,0,252,10628866,61999602139,7085911,24393965,deprecated,173489
13445178,1634605931,0x26db8c4f1726f958950a5019f4029aca1cb576400b0e99588ebce769c473e667,13,0xd969d8f198d562c910870ec3006f5c8bd36a15e65b4dd582af4940534a1b7d87,0x0000000000000000000000000000000000000000,0x47f9dbb7b9a5157031f9ed10d00532a2b7de1c77,0xf358e6b648579bc43042b3cc7661dd5309eb06b3,186,Tiles Blocks,TILB,0,252,10628866,61999602139,7085911,24393965,deprecated,173489
13445178,1634605931,0x26db8c4f1726f958950a5019f4029aca1cb576400b0e99588ebce769c473e667,13,0xd969d8f198d562c910870ec3006f5c8bd36a15e65b4dd582af4940534a1b7d87,0x0000000000000000000000000000000000000000,0x47f9dbb7b9a5157031f9ed10d00532a2b7de1c77,0xf358e6b648579bc43042b3cc7661dd5309eb06b3,187,Tiles Blocks,TILB,0,252,10628866,61999602139,7085911,24393965,deprecated,173489
13445178,1634605931,0x26db8c4f1726f958950a5019f4029aca1cb576400b0e99588ebce769c473e667,13,0xd969d8f198d562c910870ec3006f5c8bd36a15e65b4dd582af4940534a1b7d87,0x0000000000000000000000000000000000000000,0x47f9dbb7b9a5157031f9ed10d00532a2b7de1c77,0xf358e6b648579bc43042b3cc7661dd5309eb06b3,188,Tiles Blocks,TILB,0,252,10628866,61999602139,7085911,24393965,deprecated,173489
13445178,1634605931,0x26db8c4f1726f958950a5019f4029aca1cb576400b0e99588ebce769c473e667,13,0xd969d8f198d562c910870ec3006f5c8bd36a15e65b4dd582af4940534a1b7d87,0x0000000000000000000000000000000000000000,0x47f9dbb7b9a5157031f9ed10d00532a2b7de1c77,0xf358e6b648579bc43042b3cc7661dd5309eb06b3,189,Tiles Blocks,TILB,0,252,10628866,61999602139,7085911,24393965,deprecated,173489
13445178,1634605931,0x26db8c4f1726f958950a5019f4029aca1cb576400b0e99588ebce769c473e667,13,0xd969d8f198d562c910870ec3006f5c8bd36a15e65b4dd582af4940534a1b7d87,0x0000000000000000000000000000000000000000,0x47f9dbb7b9a5157031f9ed10d00532a2b7de1c77,0xf358e6b648579bc43042b3cc7661dd5309eb06b3,190,Tiles Blocks,TILB,0,252,10628866,61999602139,7085911,24393965,deprecated,173489
13445178,1634605931,0x26db8c4f1726f958950a5019f4029aca1cb576400b0e99588ebce769c473e667,13,0xd969d8f198d562c910870ec3006f5c8bd36a15e65b4dd582af4940534a1b7d87,0x0000000000000000000000000000000000000000,0x47f9dbb7b9a5157031f9ed10d00532a2b7de1c77,0xf358e6b648579bc43042b3cc7661dd5309eb06b3,191,Tiles Blocks,TILB,0,252,10628866,61999602139,7085911,24393965,deprecated,173489
13445178,1634605931,0x26db8c4f1726f958950a5019f4029aca1cb576400b0e99588ebce769c473e667,13,0xd969d8f198d562c910870ec3006f5c8bd36a15e65b4dd582af4940534a1b7d87,0x0000000000000000000000000000000000000000,0x47f9dbb7b9a5157031f9ed10d00532a2b7de1c77,0xf358e6b648579bc43042b3cc7661dd5309eb06b3,192,Tiles Blocks,TILB,0,252,10628866,61999602139,7085911,24393965,deprecated,173489
13445178,1634605931,0x26db8c4f1726f958950a5019f4029aca1cb576400b0e99588ebce769c473e667,13,0xd969d8f198d562c910870ec3006f5c8bd36a15e65b4dd582af4940534a1b7d87,0x0000000000000000000000000000000000000000,0x47f9dbb7b9a5157031f9ed10d00532a2b7de1c77,0xf358e6b648579bc43042b3cc7661dd5309eb06b3,193,Tiles Blocks,TILB,0,252,10628866,61999602139,7085911,24393965,deprecated,173489
13445178,1634605931,0x26db8c4f1726f958950a5019f4029aca1cb576400b0e99588ebce769c473e667,13,0xd969d8f198d562c910870ec3006f5c8bd36a15e65b4dd582af4940534a1b7d87,0x0000000000000000000000000000000000000000,0x47f9dbb7b9a5157031f9ed10d00532a2b7de1c77,0xf358e6b648579bc43042b3cc7661dd5309eb06b3,194,Tiles Blocks,TILB,0,252,10628866,61999602139,7085911,24393965,deprecated,173489
13445178,1634605931,0x26db8c4f1726f958950a5019f4029aca1cb576400b0e99588ebce769c473e667,13,0xd969d8f198d562c910870ec3006f5c8bd36a15e65b4dd582af4940534a1b7d87,0x0000000000000000000000000000000000000000,0x47f9dbb7b9a5157031f9ed10d00532a2b7de1c77,0xf358e6b648579bc43042b3cc7661dd5309eb06b3,195,Tiles Blocks,TILB,0,252,10628866,61999602139,7085911,24393965,deprecated,173489
13445178,1634605931,0x26db8c4f1726f958950a5019f4029aca1cb576400b0e99588ebce769c473e667,13,0xd969d8f198d562c910870ec3006f5c8bd36a15e65b4dd582af4940534a1b7d87,0x0000000000000000000000000000000000000000,0x47f9dbb7b9a5157031f9ed10d00532a2b7de1c77,0xf358e6b648579bc43042b3cc7661dd5309eb06b3,196,Tiles Blocks,TILB,0,252,10628866,61999602139,7085911,24393965,deprecated,173489
13445178,1634605931,0x26db8c4f1726f958950a5019f4029aca1cb576400b0e99588ebce769c473e667,13,0xd969d8f198d562c910870ec3006f5c8bd36a15e65b4dd582af4940534a1b7d87,0x0000000000000000000000000000000000000000,0x47f9dbb7b9a5157031f9ed10d00532a2b7de1c77,0xf358e6b648579bc43042b3cc7661dd5309eb06b3,197,Tiles Blocks,TILB,0,252,10628866,61999602139,7085911,24393965,deprecated,173489
13445178,1634605931,0x26db8c4f1726f958950a5019f4029aca1cb576400b0e99588ebce769c473e667,13,0xd969d8f198d562c910870ec3006f5c8bd36a15e65b4dd582af4940534a1b7d87,0x0000000000000000000000000000000000000000,0x47f9dbb7b9a5157031f9ed10d00532a2b7de1c77,0xf358e6b648579bc43042b3cc7661dd5309eb06b3,198,Tiles Blocks,TILB,0,252,10628866,61999602139,7085911,24393965,deprecated,173489
13445178,1634605931,0x26db8c4f1726f958950a5019f4029aca1cb576400b0e99588ebce769c473e667,13,0xd969d8f198d562c910870ec3006f5c8bd36a15e65b4dd582af4940534a1b7d87,0x0000000000000000000000000000000000000000,0x47f9dbb7b9a5157031f9ed10d00532a2b7de1c77,0xf358e6b648579bc43042b3cc7661dd5309eb06b3,199,Tiles Blocks,TILB,0,252,10628866,61999602139,7085911,24393965,deprecated,173489
13445178,1634605931,0x26db8c4f1726f958950a5019f4029aca1cb576400b0e99588ebce769c473e667,13,0xd969d8f198d562c910870ec3006f5c8bd36a15e65b4dd582af4940534a1b7d87,0x0000000000000000000000000000000000000000,0x47f9dbb7b9a5157031f9ed10d00532a2b7de1c77,0xf358e6b648579bc43042b3cc7661dd5309eb06b3,200,Tiles Blocks,TILB,0,252,10628866,61999602139,7085911,24393965,deprecated,173489
13445178,1634605931,0x26db8c4f1726f958950a5019f4029aca1cb576400b0e99588ebce769c473e667,13,0xd969d8f198d562c910870ec3006f5c8bd36a15e65b4dd582af4940534a1b7d87,0x0000000000000000000000000000000000000000,0x47f9dbb7b9a5157031f9ed10d00532a2b7de1c77,0xf358e6b648579bc43042b3cc7661dd5309eb06b3,201,Tiles Blocks,TILB,0,252,10628866,61999602139,7085911,24393965,deprecated,173489
13445178,1634605931,0x26db8c4f1726f958950a5019f4029aca1cb576400b0e99588ebce769c473e667,13,0xd969d8f198d562c910870ec3006f5c8bd36a15e65b4dd582af4940534a1b7d87,0x0000000000000000000000000000000000000000,0x47f9dbb7b9a5157031f9ed10d00532a2b7de1c77,0xf358e6b648579bc43042b3cc7661dd5309eb06b3,202,Tiles Blocks,TILB,0,252,10628866,61999602139,7085911,24393965,deprecated,173489
13445178,1634605931,0x26db8c4f1726f958950a5019f4029aca1cb576400b0e99588ebce769c473e667,13,0xd969d8f198d562c910870ec3006f5c8bd36a15e65b4dd582af4940534a1b7d87,0x0000000000000000000000000000000000000000,0x47f9dbb7b9a5157031f9ed10d00532a2b7de1c77,0xf358e6b648579bc43042b3cc7661dd5309eb06b3,203,Tiles Blocks,TILB,0,252,10628866,61999602139,7085911,24393965,deprecated,173489
13445178,1634605931,0x26db8c4f1726f958950a5019f4029aca1cb576400b0e99588ebce769c473e667,13,0xd969d8f198d562c910870ec3006f5c8bd36a15e65b4dd582af4940534a1b7d87,0x0000000000000000000000000000000000000000,0x47f9dbb7b9a5157031f9ed10d00532a2b7de1c77,0xf358e6b648579bc43042b3cc7661dd5309eb06b3,204,Tiles Blocks,TILB,0,252,10628866,61999602139,7085911,24393965,deprecated,173489
13445178,1634605931,0x26db8c4f1726f958950a5019f4029aca1cb576400b0e99588ebce769c473e667,13,0xd969d8f198d562c910870ec3006f5c8bd36a15e65b4dd582af4940534a1b7d87,0x0000000000000000000000000000000000000000,0x47f9dbb7b9a5157031f9ed10d00532a2b7de1c77,0xf358e6b648579bc43042b3cc7661dd5309eb06b3,205,Tiles Blocks,TILB,0,252,10628866,61999602139,7085911,24393965,deprecated,173489
13445178,1634605931,0x26db8c4f1726f958950a5019f4029aca1cb576400b0e99588ebce769c473e667,13,0xd969d8f198d562c910870ec3006f5c8bd36a15e65b4dd582af4940534a1b7d87,0x0000000000000000000000000000000000000000,0x47f9dbb7b9a5157031f9ed10d00532a2b7de1c77,0xf358e6b648579bc43042b3cc7661dd5309eb06b3,206,Tiles Blocks,TILB,0,252,10628866,61999602139,7085911,24393965,deprecated,173489
13445178,1634605931,0x26db8c4f1726f958950a5019f4029aca1cb576400b0e99588ebce769c473e667,13,0xd969d8f198d562c910870ec3006f5c8bd36a15e65b4dd582af4940534a1b7d87,0x0000000000000000000000000000000000000000,0x47f9dbb7b9a5157031f9ed10d00532a2b7de1c77,0xf358e6b648579bc43042b3cc7661dd5309eb06b3,207,Tiles Blocks,TILB,0,252,10628866,61999602139,7085911,24393965,deprecated,173489
13445178,1634605931,0x26db8c4f1726f958950a5019f4029aca1cb576400b0e99588ebce769c473e667,13,0xd969d8f198d562c910870ec3006f5c8bd36a15e65b4dd582af4940534a1b7d87,0x0000000000000000000000000000000000000000,0x47f9dbb7b9a5157031f9ed10d00532a2b7de1c77,0xf358e6b648579bc43042b3cc7661dd5309eb06b3,208,Tiles Blocks,TILB,0,252,10628866,61999602139,7085911,24393965,deprecated,173489
13445178,1634605931,0x26db8c4f1726f958950a5019f4029aca1cb576400b0e99588ebce769c473e667,13,0xd969d8f198d562c910870ec3006f5c8bd36a15e65b4dd582af4940534a1b7d87,0x0000000000000000000000000000000000000000,0x47f9dbb7b9a5157031f9ed10d00532a2b7de1c77,0xf358e6b648579bc43042b3cc7661dd5309eb06b3,209,Tiles Blocks,TILB,0,252,10628866,61999602139,7085911,24393965,deprecated,173489
13445178,1634605931,0x26db8c4f1726f958950a5019f4029aca1cb576400b0e99588ebce769c473e667,13,0xd969d8f198d562c910870ec3006f5c8bd36a15e65b4dd582af4940534a1b7d87,0x0000000000000000000000000000000000000000,0x47f9dbb7b9a5157031f9ed10d00532a2b7de1c77,0xf358e6b648579bc43042b3cc7661dd5309eb06b3,210,Tiles Blocks,TILB,0,252,10628866,61999602139,7085911,24393965,deprecated,173489
13445178,1634605931,0x26db8c4f1726f958950a5019f4029aca1cb576400b0e99588ebce769c473e667,13,0xd969d8f198d562c910870ec3006f5c8bd36a15e65b4dd582af4940534a1b7d87,0x0000000000000000000000000000000000000000,0x47f9dbb7b9a5157031f9ed10d00532a2b7de1c77,0xf358e6b648579bc43042b3cc7661dd5309eb06b3,211,Tiles Blocks,TILB,0,252,10628866,61999602139,7085911,24393965,deprecated,173489
13445178,1634605931,0x26db8c4f1726f958950a5019f4029aca1cb576400b0e99588ebce769c473e667,13,0xd969d8f198d562c910870ec3006f5c8bd36a15e65b4dd582af4940534a1b7d87,0x0000000000000000000000000000000000000000,0x47f9dbb7b9a5157031f9ed10d00532a2b7de1c77,0xf358e6b648579bc43042b3cc7661dd5309eb06b3,212,Tiles Blocks,TILB,0,252,10628866,61999602139,7085911,24393965,deprecated,173489
13458524,1634785601,0xb2acaac6be616dad4e53dffc0b92c479406eeca32716b13019dd1ac40f9a5703,349,0xde4243b9d27599c092a2d26ac29cc3eed2ffa8679dc82e8c38ca8b1e11e45348,0x540972477e4c66b3452bafbf8532660204aa2b14,0x47f9dbb7b9a5157031f9ed10d00532a2b7de1c77,0xf358e6b648579bc43042b3cc7661dd5309eb06b3,431,Tiles Blocks,TILB,0,224,90771,84378974691,85971,14052802,deprecated,160143
13459141,1634793883,0xbc56cc2100d39001426eaf5b07f527354aa2c5ed15a76f5596519df5fabff916,3,0x448aedf44d8f9496547a77da7d38ec04d31886ce37a59d773066eccfff00d834,0x8f635e2854df38f808146e9acc83fb9f5e122ed9,0x47f9dbb7b9a5157031f9ed10d00532a2b7de1c77,0xf358e6b648579bc43042b3cc7661dd5309eb06b3,537,Tiles Blocks,TILB,0,284,268446,59176632741,217236,23666981,deprecated,159526
13459141,1634793883,0xbc56cc2100d39001426eaf5b07f527354aa2c5ed15a76f5596519df5fabff916,3,0x448aedf44d8f9496547a77da7d38ec04d31886ce37a59d773066eccfff00d834,0x8f635e2854df38f808146e9acc83fb9f5e122ed9,0x47f9dbb7b9a5157031f9ed10d00532a2b7de1c77,0xf358e6b648579bc43042b3cc7661dd5309eb06b3,540,Tiles Blocks,TILB,0,284,268446,59176632741,217236,23666981,deprecated,159526
13461323,1634823208,0xfc950b1c0618151652f3430a64f16c44d453b6dcd59fcea397e7ba445beef3e4,0,0xb49d61063bc949e09cb144071a8f8288512236709237a30fa5641fa9dfc2d382,0xf358e6b648579bc43042b3cc7661dd5309eb06b3,0x47f9dbb7b9a5157031f9ed10d00532a2b7de1c77,0x8f635e2854df38f808146e9acc83fb9f5e122ed9,183,Tiles Blocks,TILB,0,387,90759,57988059126,85959,26307497,deprecated,157344
13461330,1634823345,0xe4a189e4a6eea8b961a7ab715ff5b882c89988de4a0c76ee4ba75b3f977051c5,1,0x48531031371ce833a4992fbe696ef496292250b867598ddb9b6a7c9958b895f1,0xf358e6b648579bc43042b3cc7661dd5309eb06b3,0x47f9dbb7b9a5157031f9ed10d00532a2b7de1c77,0x8f635e2854df38f808146e9acc83fb9f5e122ed9,184,Tiles Blocks,TILB,0,448,90759,81414239597,85959,29155638,deprecated,157337
13462346,1634837100,0xc55bbf65d9c20bec1d37bf3f503c21e9d8aa6ba4a9f03d0283aae004949c3e44,2,0x6b229791e23db08007eb840b510d6aaf5596f10adc595bd95dfc0b7f49be3804,0xf358e6b648579bc43042b3cc7661dd5309eb06b3,0x47f9dbb7b9a5157031f9ed10d00532a2b7de1c77,0x540972477e4c66b3452bafbf8532660204aa2b14,191,Tiles Blocks,TILB,0,168,90759,122475679109,85959,14912521,deprecated,156321
13462643,1634841074,0xbc92ee30caaa5eba0ba8ac1aae8e6663aa119ecc61ec166842639947f2d87630,1,0x67fb7a9dfe31789bd38520a802a5c5e93e12167e99315e986a192c789ffa6e47,0x820bf00beec4e1d6da50afb2c11c43fce77a3884,0x47f9dbb7b9a5157031f9ed10d00532a2b7de1c77,0xf358e6b648579bc43042b3cc7661dd5309eb06b3,350,Tiles Blocks,TILB,0,114,90771,78896675239,85971,8165592,deprecated,156024
13462656,1634841243,0x45475279da4ccfbc0cff12ecf5dff7544110c4600967dd053b0ec0566c38326b,3,0x94fb241a99c32bac4c0818c6200045077246df0d2034cdf08690b7cda421fa5f,0xf358e6b648579bc43042b3cc7661dd5309eb06b3,0x47f9dbb7b9a5157031f9ed10d00532a2b7de1c77,0x820bf00beec4e1d6da50afb2c11c43fce77a3884,164,Tiles Blocks,TILB,0,435,90759,83060835383,85959,27908431,deprecated,156011
13463143,1634847970,0x344135f756f3588f4db4c9adaf71ae8d11150cbb9cba5223153bfb5578d76ba5,3,0x90e249f65cdd06bf2d23a3d7f36bb85d41de70793fe05e3eeba6548747067f63,0x5875b4aaadf66d86161e6fe828729fbe1f067519,0x47f9dbb7b9a5157031f9ed10d00532a2b7de1c77,0xf358e6b648579bc43042b3cc7661dd5309eb06b3,292,Tiles Blocks,TILB,0,210,90771,111116778453,85971,16104092,deprecated,155524
13463143,1634847970,0x665218b0b2d4af1f0cc9a1e39729e1a02ca4034187090decb9ce7aa22c549b1e,4,0x90e249f65cdd06bf2d23a3d7f36bb85d41de70793fe05e3eeba6548747067f63,0x5875b4aaadf66d86161e6fe828729fbe1f067519,0x47f9dbb7b9a5157031f9ed10d00532a2b7de1c77,0xf358e6b648579bc43042b3cc7661dd5309eb06b3,311,Tiles Blocks,TILB,0,286,90771,111116778453,75516,24201722,deprecated,155524
13463144,1634847980,0x04b5a0f7edd8f8fe42df8d15373c79aab65b4d020eb339788b797f8db9c4b848,5,0x625f31371e485bf1e782e6583d2d529a2edc5ca6876dcc673ecaa8d5f8af0b61,0x5875b4aaadf66d86161e6fe828729fbe1f067519,0x47f9dbb7b9a5157031f9ed10d00532a2b7de1c77,0xf358e6b648579bc43042b3cc7661dd5309eb06b3,302,Tiles Blocks,TILB,0,419,90771,124166584329,85971,19077697,deprecated,155523
13463341,1634850690,0x30c9dd3778b250fc1c1250f796132199ef37f703da9cefa7b8413dbdf50a0efa,28,0xef296aca72f0ab17d22f7eec4dd7e1bc084347ea2c9d9343c69ae975b308d20f,0x5fe330099f53bc9081ee9026ec1ce3f3f25f120b,0x47f9dbb7b9a5157031f9ed10d00532a2b7de1c77,0xf358e6b648579bc43042b3cc7661dd5309eb06b3,643,Tiles Blocks,TILB,0,323,90771,89760610067,85971,21779743,deprecated,155326
13464419,1634864555,0x26f9ac14214baf1f300d7c4850c5525064028764c045070f9b289e564410e536,3,0x83233439a893f94a5a2fc53bb3e7d5aba5bf6c2ee5a0f7947b1d6b40c094d26e,0x1ae0e28abf9ac188ae5fb72867639b750435984b,0x47f9dbb7b9a5157031f9ed10d00532a2b7de1c77,0xf358e6b648579bc43042b3cc7661dd5309eb06b3,409,Tiles Blocks,TILB,0,216,90771,74902958429,85971,14190845,deprecated,154248
13465237,1634875526,0xffd7318782e09dd60a2af7bf02c3e58fc4f153b3077183538919b6230afc1b68,4,0xf8e277510956acee00e000ffaa2128f1abd4cf90478fda06f2e3a766bd96d5ef,0xf358e6b648579bc43042b3cc7661dd5309eb06b3,0x47f9dbb7b9a5157031f9ed10d00532a2b7de1c77,0x1ae0e28abf9ac188ae5fb72867639b750435984b,169,Tiles Blocks,TILB,0,204,90759,79040503895,85959,12693713,deprecated,153430
13468953,1634926414,0x452b0707117f6ed7cb997a6998a5e8500fda688c1702f86371d8801be4a4a890,8,0x5e9938b49cfabe2ad36eb29435a3dadc51b753a9170b8f827f1eb57aa091fce5,0xf358e6b648579bc43042b3cc7661dd5309eb06b3,0x47f9dbb7b9a5157031f9ed10d00532a2b7de1c77,0x56fcb471a9dde74045830439ad6612c9aad53c19,192,Tiles Blocks,TILB,0,76,90759,78026109396,85959,5771425,deprecated,149714
13468953,1634926414,0xb1c506c81078d692b4c0dc242e10545d97a2a27ffe96bb3135bf9eef06068a3b,12,0x5e9938b49cfabe2ad36eb29435a3dadc51b753a9170b8f827f1eb57aa091fce5,0xf358e6b648579bc43042b3cc7661dd5309eb06b3,0x47f9dbb7b9a5157031f9ed10d00532a2b7de1c77,0x56fcb471a9dde74045830439ad6612c9aad53c19,197,Tiles Blocks,TILB,0,81,90759,78026109396,85959,5997673,deprecated,149714
13468979,1634926727,0x03e490e9ac3cb83c5ceb7b690874955c79b2ca3bbe0384e6848c4b15c5d2511b,13,0x6e06a2c8704d172f9fe3c61750a9ac6f27486a002c55d58d0f445b86aa6c145f,0xf358e6b648579bc43042b3cc7661dd5309eb06b3,0x47f9dbb7b9a5157031f9ed10d00532a2b7de1c77,0x5875b4aaadf66d86161e6fe828729fbe1f067519,202,Tiles Blocks,TILB,0,223,90759,98608114395,85959,14705713,deprecated,149688
13468993,1634926955,0x1a7907bae14d6417d4c7ed301e4ca0fd118cee3b57f2f441492441f7461cac7d,14,0x334943a4e3069376188a137be67573cb4430bd1cd6f5f583d65c7740a532599c,0xf358e6b648579bc43042b3cc7661dd5309eb06b3,0x47f9dbb7b9a5157031f9ed10d00532a2b7de1c77,0x5875b4aaadf66d86161e6fe828729fbe1f067519,195,Tiles Blocks,TILB,0,70,90759,90356727627,85959,7448858,deprecated,149674
13469001,1634927094,0x76e5a1664f4f716afbe13d3448f181e7a87c0c46d428ffed20f06a27863ab587,15,0x9bb6eb6f71ef67c73b7fbb180f2ff8fc14659bc23c3ec913293f53dc3229c405,0xf358e6b648579bc43042b3cc7661dd5309eb06b3,0x47f9dbb7b9a5157031f9ed10d00532a2b7de1c77,0x5875b4aaadf66d86161e6fe828729fbe1f067519,172,Tiles Blocks,TILB,0,270,90759,109466376955,85959,21814930,deprecated,149666
13469003,1634927122,0x2b3b453162f6187002aa729c2ca24b21b1bc1c45f447e3b3b26da4fbd0ae765d,16,0xa2af2bede0399add71bb9c08c65f73ef5320b50c1cb30da9de7a336fcbf2cab6,0xf358e6b648579bc43042b3cc7661dd5309eb06b3,0x47f9dbb7b9a5157031f9ed10d00532a2b7de1c77,0x5875b4aaadf66d86161e6fe828729fbe1f067519,168,Tiles Blocks,TILB,0,208,90759,113431484687,85959,12083375,deprecated,149664
13487176,1635172614,0x48e6cc7ff4142f2e171a5f980e73d2558a6e828264621307ace9b6b7af2f64f1,39,0xaa1117884a2fabbb3467cfc40ad25ba1db6bac013b2cbfb4619de3d0e719ad43,0x0000000000000000000000000000000000000000,0x871aefdef4784e47d5cc381984f0a7cb877ae9b1,0xf358e6b648579bc43042b3cc7661dd5309eb06b3,6,Tiles Panels,TILP,0,442,354415,88887209188,236277,29391474,deprecated,131491
